title,company,location,link
"Technical Lead, Reliability Engineering",HubSpot,"Cambridge, MA",https://stackoverflow.com/jobs/448515
Director of Software Development,ACA Compliance Group,No office location,https://stackoverflow.com/jobs/447579
Cloud Architect | Data & Analytics,DoiT International,"San Francisco, CA",https://stackoverflow.com/jobs/355571
Cloud Architect | Core Infrastructure,DoiT International,"San Francisco, CA",https://stackoverflow.com/jobs/355570
Cloud Architect | Data & Analytics,DoiT International,"New York, NY",https://stackoverflow.com/jobs/376587
Cloud Architect | Core Infrastructure,DoiT International,"New York, NY",https://stackoverflow.com/jobs/376586
Principal Site Reliability Engineer,Happy Money,No office location,https://stackoverflow.com/jobs/482703
"Awesome Full-Stack Software Engineer - Java, Python (Fully Cleared)",Erias Ventures,"Annapolis Junction, MD",https://stackoverflow.com/jobs/432032
"Sr or Lead Full Stack Engineer - Cisco Meraki - Remote, SF, Chicago or Austin",Cisco MerakiviaSource Coders,No office location,https://stackoverflow.com/jobs/462303
Python Software Engineer,Captivation Software,"Fort Meade, MD",https://stackoverflow.com/jobs/449506
Software Technical Lead,Boston Dynamics,"Mountain View, CA",https://stackoverflow.com/jobs/458087
Software Engineer (Backend) - NYC/LA,Gravity Technologies,"New York, NY",https://stackoverflow.com/jobs/194557
Senior Superhero Python Developer to protect the Bank from counterparty risk,Deutsche BankviaJWiderberg Inc. DBA Insight Resource Group,"New York, NY",https://stackoverflow.com/jobs/453533
Software Defined Radio Developer,Captivation Software,"Aberdeen Proving Ground, MD",https://stackoverflow.com/jobs/316048
Fully Cleared Java Software Developer Opportunity,Varen Technologies,"Columbia, MD",https://stackoverflow.com/jobs/481167
Senior DevOps Engineer,Stott and May Inc.viaStott and May Inc.,"McLean, VA",https://stackoverflow.com/jobs/451932
"Lead Software Engineer, Ruby",BigCommerce,"Austin, TX",https://stackoverflow.com/jobs/370598
Sr. or Lead Site Reliability Engineer (Kubernetes) - MariaDB - Fully Remote,MariaDBviaSource Coders,No office location,https://stackoverflow.com/jobs/463349
"Senior Systems Administrator (Washington, D.C. or U.S. Remote)",Wallethub,"Washington, DC",https://stackoverflow.com/jobs/481202
Sr. Site Reliability Engineer - MobileCoin - Highflying Crypto Startup,MobileCoinviaSource Coders,No office location,https://stackoverflow.com/jobs/474458
Senior Backend Engineer (Python/Django),NewtonX,"New York, NY",https://stackoverflow.com/jobs/470973
Senior Site Reliability Engineer,Blameless,No office location,https://stackoverflow.com/jobs/431397
"Senior Security Engineer, Infrastructure",N26,"New York, NY",https://stackoverflow.com/jobs/351326
Senior Data Engineer – ETL Pipelines - Python - Cybersecurity,Praetorian CybersecurityviaUplink Software Solutions,No office location,https://stackoverflow.com/jobs/421770
Senior Application Architect,HumanTouch LLC,"Suitland-Silver Hill, MD",https://stackoverflow.com/jobs/421022
Principal Software Engineer,Bulb Energy,"London, UK",https://stackoverflow.com/jobs/435310
Experienced Full-Stack Engineer (Python/Django),CareSolace Inc.,"Encinitas, CA",https://stackoverflow.com/jobs/452576
Senior Fullstack Engineer,Happy Money,No office location,https://stackoverflow.com/jobs/482702
Senior Data Engineer,Second Measure,No office location,https://stackoverflow.com/jobs/446573
Senior Backend Engineer,Citrine Informatics,"Redwood City, CA",https://stackoverflow.com/jobs/481192
Site Reliability Engineer (SRE),Quadpay,"New York, NY",https://stackoverflow.com/jobs/415843
Sr. Data Engineer,Quadpay,No office location,https://stackoverflow.com/jobs/415728
Infrastructure Engineer II,BigCommerce,"San Francisco, CA",https://stackoverflow.com/jobs/392979
Senior Deployment/DevOps Engineer,Enveil,"Fulton, MD",https://stackoverflow.com/jobs/319752
Senior Software Engineer @ Enveil,Enveil,"Fulton, MD",https://stackoverflow.com/jobs/166432
Senior Data Engineer,Grata Inc.,"New York, NY",https://stackoverflow.com/jobs/435900
Senior DevOps Engineer,Postscript,No office location,https://stackoverflow.com/jobs/469781
Application Security Developer,New Context Services,No office location,https://stackoverflow.com/jobs/458263
Staff/Lead DevOps Engineer,Freedom Financial Network,"Tempe, AZ",https://stackoverflow.com/jobs/452577
Infrastructure Engineer,Cross River,"Fort Lee, NJ",https://stackoverflow.com/jobs/474198
Senior Software Engineer who likes Microservices - not Micromanagement,Praetorian CybersecurityviaUplink Software Solutions,No office location,https://stackoverflow.com/jobs/421102
Experienced Python Backend Engineer for growing start up!,This Land Inc dba Sunday,"Boulder, CO",https://stackoverflow.com/jobs/474459
"Senior Software Engineer, Ruby (Billing Team)",BigCommerce,"Austin, TX",https://stackoverflow.com/jobs/435600
Senior/Lead Java Engineer,Freedom Financial Network,"Tempe, AZ",https://stackoverflow.com/jobs/446780
Cloud Architect,uShip,"Austin, TX",https://stackoverflow.com/jobs/408185
Fully Cleared Embedded Cyber Software Engineer,Varen Technologies,"Columbia, MD",https://stackoverflow.com/jobs/481162
Fully Cleared Big Data Software Engineer,Varen Technologies,"Columbia, MD",https://stackoverflow.com/jobs/481164
Senior Security DevOps Engineer,Runbeck Election Services,"Phoenix, AZ",https://stackoverflow.com/jobs/465814
Python Engineer,"TileDB, Inc.","Cambridge, MA",https://stackoverflow.com/jobs/419347
Security Manager,ShapeShift,"Denver, CO",https://stackoverflow.com/jobs/461408
Mobile App Test Engineer,HY Legal Services LTD,,https://kr.indeed.com/viewjob?jk=769bcac107dbfb20
Native Korean Speaking Software QA Test Engineer,TikTok,,https://kr.indeed.com/viewjob?jk=c0c6a53781018daf
"데이터 분석 및 컨설팅 분야 (Python, SAS, 빅데이터) 경력직",한국정보기술단,과천 과천시,https://kr.indeed.com/viewjob?jk=9fe4755841bec8ce
[EY한영] 금융감사본부 Data Analytics 전문 경력직 모집,Ernst & Young,대한민국,https://kr.indeed.com/viewjob?jk=e934bb33ef71dacb
[전문연구요원] 빅데이터 엔지니어(신입/경력),웹젠,성남 분당구,https://kr.indeed.com/viewjob?jk=03452de7c4b35855
Quantitative Researcher,자산운용: Quantitative Research,서울,https://kr.indeed.com/viewjob?jk=7453bfdc26273cd9
2021 IMB Dx 각 부분 직원,아이엠비디엑스,서울 금천구,https://kr.indeed.com/viewjob?jk=27dcadc82a202480
2020 Customs & Foreign Trade Specialist,비테스코테크놀로지스코리아,경기도 이천,https://kr.indeed.com/viewjob?jk=7e4a30dc8d2bc1cf
시스템/서버 엔지니어 영입,카카오페이증권,성남 분당구,https://kr.indeed.com/viewjob?jk=a4789c5b4acf4353
금융 AI 기술 연구 개발자 모집,엔씨소프트,성남 판교역,https://kr.indeed.com/viewjob?jk=e7346aa4ba6c1633
데이터 분석가/사이언티스트(신입/인턴 가능),쏘카,대한민국,https://kr.indeed.com/viewjob?jk=55584c627df1acaa
"빅데이터, Python 외 신입 정규직",주)씽크풀,서울 영등포구,https://kr.indeed.com/viewjob?jk=f91bdb1160ad64d2
Content Producer,Codeit,서울,https://kr.indeed.com/viewjob?jk=4623c0f018a828e3
솔루션 개발자,고도소프트,서울 구로구,https://kr.indeed.com/viewjob?jk=ce97cc7e1904d7ff
지스트 블록체인인터넷경제연구센터 계약직(연구원),광주과학기술원,광주 북구,https://kr.indeed.com/viewjob?jk=cd2ef993ee5c8d3f
DX(Digital Transformation)분야 경력사원 (법인Staff),LG화학,서울특별시,https://kr.indeed.com/viewjob?jk=7c3a3f4b0dd0d04a
[빅데이터플랫폼] 데이터 플랫폼 운영자,한국카카오은행,성남 분당구,https://kr.indeed.com/viewjob?jk=8eaca3d4cbc13fe1
[금호타이어] 21년 1월 수시,금호타이어,광주 광산구,https://kr.indeed.com/viewjob?jk=fc76a3924d8601a4
"O2O 플랫폼 백엔드 개발자 (Ruby, Node.JS, Python) 경력직",로보트리,서울 강남구,https://kr.indeed.com/viewjob?jk=f9bb0fa3070eabd1
"데이터마이닝, 데이터사이언스 신입 인턴",성공하는공장,서울 강남구,https://kr.indeed.com/viewjob?jk=e0bd768490336a11
AI/ NLP 개발자(Python/JAVA) (전문연구요원 병역특례 가능),엔에이치엔다이퀘스트,서울 구로구,https://kr.indeed.com/viewjob?jk=b861e113e1b79442
기술 인턴 인공지능 응용 연구/개발 인턴,써로마인드로보틱스,서울 관악구,https://kr.indeed.com/viewjob?jk=71c47ac87bb4087e
MongoDB 능숙한 Python 웹 개발자 - 정규직,코리아뉴스와이어,서울 중구,https://kr.indeed.com/viewjob?jk=2f8a6bbca95a18ce
이커머스팀 데이터 분석가(Data Analytics),에프알엘코리아,서울 송파구,https://kr.indeed.com/viewjob?jk=eda8754368c9cf8d
[카카오커머스] 기술직군,카카오커머스,성남 분당구,https://kr.indeed.com/viewjob?jk=52f8fb3f7e662c5d
Associate,주식회사 지니얼로지,서울,https://kr.indeed.com/viewjob?jk=115f62e82db4dace
Deep Learning Engineer Intern,Intel,서울,https://kr.indeed.com/viewjob?jk=ae775fd3698cfd07
Machine Learning Researcher – On-device AI theory and algorithm,Qualcomm Korea YH,서울,https://kr.indeed.com/viewjob?jk=c2f5f53dc48263eb
정보보안 담당자,Nexon,성남 분당구,https://kr.indeed.com/viewjob?jk=eeb9fe1c361f0758
21년 전문연구요원 (AI엔지니어),Nexon,성남 분당구,https://kr.indeed.com/viewjob?jk=69ab0f58743cb713
